region,age,income,employment_years,default,legacy_score
B,61,34717.0,15,0,572.0
B,26,25138.0,5,0,600.0
C,38,27532.0,19,0,660.0
A,51,27816.0,35,0,599.0
B,62,41346.0,9,0,511.0
C,45,42186.0,22,0,497.0
B,57,32200.0,1,0,599.0
C,49,37574.0,15,0,637.0
A,45,42926.0,34,1,709.0
A,35,39366.0,5,0,677.0
A,60,32285.0,28,0,645.0
A,59,25961.0,14,0,561.0
C,45,44475.0,19,0,669.0
A,44,24190.0,31,0,570.0
C,33,27552.0,34,1,620.0
C,58,10750.0,36,0,478.0
B,64,27394.0,32,1,637.0
A,57,37989.0,1,0,657.0
B,39,38671.0,33,0,694.0
B,64,42029.0,31,0,579.0
A,65,50042.0,18,0,482.0
A,27,35590.0,29,0,552.0
A,18,45663.0,22,0,489.0
A,20,25385.0,6,1,657.0
B,67,27732.0,38,0,549.0
A,49,64030.0,15,0,629.0
A,30,32060.0,29,1,604.0
A,32,50158.0,19,0,523.0
C,63,48896.0,5,0,529.0
C,73,42345.0,15,0,466.0
A,48,69370.0,38,0,796.0
A,41,51346.0,26,0,525.0
B,22,23410.0,19,0,552.0
A,44,35740.0,6,0,612.0
A,72,24922.0,3,1,515.0
A,18,28237.0,38,1,523.0
B,62,32968.0,32,1,690.0
C,30,51081.0,29,0,545.0
A,40,36872.0,34,0,632.0
B,56,44982.0,16,0,598.0
C,74,32310.0,31,0,632.0
A,36,44380.0,11,1,651.0
A,69,47092.0,32,0,542.0
C,54,51064.0,19,0,639.0
A,33,25532.0,17,0,664.0
B,47,43425.0,31,0,632.0
A,48,34207.0,22,0,485.0
A,68,62962.0,0,0,640.0
C,37,28271.0,13,0,498.0
A,46,48430.0,15,0,582.0
B,32,25022.0,36,0,561.0
B,50,46699.0,29,0,572.0
A,21,22062.0,7,0,676.0
A,33,28590.0,11,0,585.0
A,67,24598.0,34,0,629.0
B,45,54331.0,3,0,654.0
A,52,33239.0,12,0,564.0
B,55,46507.0,9,0,574.0
B,32,21063.0,30,0,555.0
B,33,27998.0,13,1,651.0
A,21,43184.0,26,1,664.0
A,68,41826.0,15,0,531.0
A,74,60337.0,20,0,648.0
C,35,53070.0,22,0,595.0
C,36,43695.0,4,0,707.0
A,55,30051.0,10,0,674.0
A,67,42186.0,37,0,624.0
A,23,44435.0,29,0,616.0
A,68,50842.0,32,0,585.0
B,56,20884.0,6,0,471.0
B,44,61331.0,34,0,613.0
C,61,38535.0,28,0,525.0
A,66,23618.0,39,0,575.0
A,70,21698.0,16,1,566.0
A,31,28567.0,10,0,535.0
B,65,21327.0,14,0,555.0
B,56,34702.0,22,0,532.0
A,43,75344.0,25,0,636.0
A,66,51677.0,30,0,541.0
C,34,55181.0,27,0,690.0
A,68,32385.0,14,0,680.0
B,38,65866.0,17,0,494.0
A,60,48049.0,36,0,655.0
A,69,43822.0,19,0,678.0
C,60,39330.0,14,0,568.0
A,71,31051.0,15,0,476.0
B,58,37218.0,3,0,710.0
B,68,31286.0,24,1,605.0
B,63,47449.0,0,0,557.0
B,74,47504.0,25,0,650.0
C,44,63889.0,23,0,666.0
B,66,43400.0,2,0,724.0
B,23,34480.0,28,0,514.0
B,28,41100.0,19,0,542.0
A,54,48008.0,15,0,575.0
A,28,49634.0,31,0,528.0
C,24,43897.0,7,1,630.0
A,25,47844.0,32,0,575.0
B,64,28464.0,14,1,595.0
B,53,36203.0,16,0,579.0
A,25,52070.0,4,0,593.0
A,46,26157.0,26,0,617.0
A,63,24310.0,16,0,636.0
A,42,35283.0,32,0,574.0
A,18,19673.0,27,0,459.0
A,27,38717.0,36,0,574.0
A,51,43552.0,13,0,676.0
A,49,29128.0,35,0,667.0
A,44,44602.0,14,0,487.0
C,24,43891.0,9,0,577.0
B,55,40409.0,34,0,686.0
A,19,50260.0,12,0,574.0
A,38,37120.0,13,0,516.0
A,36,52192.0,33,0,545.0
A,42,34043.0,5,0,699.0
B,32,39907.0,26,0,542.0
B,40,42512.0,35,0,595.0
C,61,52383.0,29,0,659.0
A,26,59543.0,0,1,621.0
B,29,35323.0,17,0,585.0
C,30,22223.0,1,0,498.0
A,54,61274.0,5,0,623.0
B,51,33940.0,23,0,640.0
B,49,19951.0,0,1,632.0
A,54,40528.0,14,0,581.0
A,65,56828.0,6,0,626.0
A,37,23271.0,26,0,705.0
B,24,29422.0,23,1,475.0
B,65,25292.0,8,0,661.0
B,54,39059.0,5,0,535.0
C,50,31871.0,2,0,564.0
A,37,26381.0,16,0,543.0
B,44,26307.0,13,0,436.0
B,53,28546.0,38,0,732.0
B,52,53772.0,5,0,632.0
A,48,51946.0,20,0,556.0
B,30,37978.0,25,0,592.0
A,55,34939.0,14,1,520.0
A,71,52886.0,31,0,473.0
B,28,27522.0,24,0,685.0
A,30,56026.0,14,0,631.0
A,56,48154.0,20,0,655.0
A,66,21862.0,5,0,616.0
B,22,36449.0,36,0,468.0
A,54,43615.0,15,0,720.0
A,52,30338.0,39,0,748.0
A,57,35342.0,17,0,513.0
A,44,39179.0,12,0,644.0
A,69,32476.0,29,1,659.0
B,34,38395.0,15,0,534.0
A,65,43594.0,10,1,572.0
A,48,48421.0,13,0,478.0
A,41,63819.0,26,0,647.0
A,45,28112.0,30,0,509.0
B,24,47272.0,17,0,516.0
A,29,15901.0,13,0,593.0
A,56,56679.0,4,0,571.0
B,71,34749.0,11,0,607.0
B,34,46184.0,23,0,549.0
C,47,34200.0,38,0,671.0
C,32,34137.0,34,0,634.0
A,38,54730.0,9,0,527.0
C,54,38295.0,30,0,524.0
C,49,56115.0,8,1,519.0
A,26,49527.0,38,0,673.0
A,37,42851.0,30,0,654.0
B,20,42674.0,17,0,523.0
B,34,42506.0,3,1,603.0
B,73,33639.0,17,0,521.0
C,48,33007.0,30,0,606.0
B,39,44693.0,9,0,718.0
B,41,35640.0,1,0,520.0
B,49,53111.0,23,0,676.0
C,53,36808.0,28,0,519.0
A,36,35092.0,32,0,560.0
B,41,25641.0,14,0,707.0
A,60,35126.0,17,0,481.0
C,39,40731.0,38,0,527.0
A,56,53364.0,38,0,566.0
C,74,35964.0,21,0,665.0
A,70,31090.0,10,0,609.0
B,32,45567.0,13,0,744.0
B,63,43757.0,5,0,648.0
C,60,19842.0,24,0,519.0
B,38,25121.0,24,0,600.0
C,48,33754.0,37,0,696.0
A,63,31938.0,2,0,560.0
A,67,41155.0,0,0,652.0
A,68,17854.0,35,0,594.0
B,66,52171.0,35,0,638.0
A,48,46760.0,5,0,552.0
A,34,54779.0,27,0,739.0
B,35,30337.0,11,0,619.0
A,43,33694.0,27,0,598.0
A,23,46614.0,34,0,564.0
B,72,34710.0,17,0,489.0
A,45,12762.0,20,0,532.0
A,47,35522.0,7,0,552.0
A,56,53450.0,16,0,611.0
A,19,46230.0,4,1,684.0
A,38,37081.0,13,0,586.0
A,62,59654.0,11,0,599.0
C,50,37014.0,22,0,711.0
C,68,47166.0,4,0,667.0
C,33,41808.0,24,0,653.0
B,30,27855.0,11,0,398.0
A,49,32490.0,11,0,542.0
A,60,38732.0,29,0,520.0
B,30,41409.0,31,0,606.0
B,51,37536.0,19,1,497.0
A,21,37208.0,25,0,503.0
B,66,27061.0,9,0,610.0
A,18,35935.0,38,0,647.0
A,60,18006.0,8,0,651.0
A,57,41214.0,11,0,607.0
A,63,38288.0,14,0,739.0
A,38,41680.0,26,0,439.0
A,22,51200.0,36,0,538.0
C,35,43531.0,33,0,600.0
B,57,30433.0,38,0,406.0
C,46,35633.0,36,0,661.0
C,27,26354.0,36,0,578.0
A,21,42875.0,10,0,736.0
B,66,53302.0,4,0,520.0
A,33,48255.0,21,0,528.0
A,32,31688.0,30,1,726.0
A,69,26548.0,0,0,719.0
A,47,19964.0,4,0,585.0
C,64,35188.0,28,0,573.0
B,65,28122.0,26,0,632.0
B,44,37490.0,1,0,657.0
B,59,37583.0,27,0,649.0
C,42,39666.0,27,0,628.0
B,70,37874.0,39,0,719.0
C,52,34347.0,37,0,512.0
B,66,39430.0,2,0,681.0
B,59,37818.0,12,1,668.0
A,67,27654.0,28,0,538.0
B,58,50784.0,7,0,617.0
A,39,46196.0,28,0,551.0
A,56,33588.0,0,0,598.0
C,59,50090.0,38,0,605.0
C,56,45240.0,37,0,542.0
B,72,11946.0,11,0,667.0
A,56,35602.0,18,0,670.0
A,31,32774.0,1,0,654.0
A,18,48070.0,24,0,682.0
C,59,46882.0,21,0,644.0
A,48,41130.0,23,0,516.0
B,53,37098.0,17,0,675.0
B,47,40430.0,10,0,643.0
B,26,38006.0,26,0,590.0
B,40,34111.0,30,0,581.0
A,39,35110.0,25,0,591.0
B,28,25604.0,1,0,638.0
C,20,69746.0,8,0,597.0
A,58,45948.0,5,0,566.0
B,67,53789.0,19,0,531.0
A,71,27651.0,34,0,510.0
C,33,23798.0,4,0,666.0
B,37,53089.0,22,0,683.0
A,45,39666.0,35,0,678.0
A,21,68295.0,15,0,591.0
A,56,60137.0,6,0,510.0
C,50,43586.0,4,0,483.0
A,70,43926.0,33,0,564.0
C,21,45345.0,28,0,567.0
B,72,37643.0,39,0,517.0
A,37,44250.0,20,0,526.0
B,38,43797.0,34,0,723.0
A,58,44331.0,31,0,510.0
A,49,34838.0,35,0,427.0
A,69,20281.0,0,0,667.0
B,48,42430.0,30,0,552.0
B,36,47959.0,39,0,469.0
A,68,18292.0,22,0,498.0
B,66,39994.0,11,0,635.0
C,40,34758.0,22,0,703.0
B,55,55858.0,17,0,586.0
A,37,52914.0,14,0,569.0
B,51,19579.0,24,1,632.0
A,64,15059.0,38,0,783.0
A,19,31122.0,8,0,606.0
B,21,26610.0,29,0,470.0
A,27,52073.0,21,0,505.0
C,51,37292.0,9,1,588.0
A,27,49487.0,38,0,568.0
B,55,30658.0,7,0,695.0
C,28,34409.0,30,1,629.0
B,54,63401.0,38,0,583.0
C,48,39311.0,14,1,619.0
A,58,54734.0,10,0,763.0
C,72,32034.0,27,0,710.0
C,61,44882.0,29,0,565.0
B,51,33276.0,7,0,619.0
C,72,28502.0,13,0,576.0
B,22,37563.0,35,0,658.0
C,24,37012.0,30,0,412.0
A,44,45919.0,24,0,614.0
A,62,32638.0,14,0,549.0
C,37,54345.0,34,0,591.0
A,50,40396.0,5,0,692.0
A,54,18657.0,18,1,610.0
A,73,43188.0,21,0,446.0
B,60,31805.0,8,0,575.0
C,54,46122.0,27,0,675.0
A,51,45804.0,25,0,654.0
C,68,26454.0,24,0,732.0
C,63,49356.0,16,0,554.0
B,33,39969.0,9,0,523.0
B,66,31142.0,9,0,580.0
A,23,57773.0,8,0,655.0
C,45,39527.0,32,0,621.0
A,45,40470.0,13,0,510.0
C,27,38194.0,5,1,686.0
A,47,37060.0,10,0,619.0
A,21,40732.0,18,1,712.0
A,45,51878.0,3,0,637.0
B,47,40700.0,22,0,673.0
B,47,56845.0,4,0,517.0
A,58,39334.0,25,0,655.0
A,46,51290.0,1,1,616.0
B,30,39587.0,21,0,550.0
A,33,43230.0,3,0,531.0
A,53,46051.0,8,1,604.0
A,29,43117.0,31,1,706.0
A,70,43340.0,21,0,570.0
A,49,18479.0,5,0,719.0
A,38,39049.0,17,0,717.0
A,58,23484.0,38,0,575.0
A,28,58830.0,13,0,520.0
C,25,34851.0,21,0,612.0
A,49,38925.0,0,0,718.0
B,69,20043.0,33,0,632.0
C,48,31710.0,11,0,642.0
B,31,47260.0,27,0,608.0
B,62,41807.0,28,1,771.0
A,26,29762.0,24,0,700.0
A,22,48702.0,9,0,624.0
B,31,40822.0,37,1,516.0
B,59,37759.0,16,0,611.0
B,32,33798.0,13,1,689.0
B,23,47190.0,5,0,629.0
A,30,47646.0,39,0,627.0
A,40,28766.0,17,0,631.0
B,54,50999.0,31,0,618.0
A,59,39825.0,0,0,657.0
A,52,43804.0,31,0,529.0
C,61,54685.0,18,0,615.0
B,70,34730.0,37,0,589.0
C,66,35814.0,37,0,467.0
B,47,37696.0,5,0,781.0
A,52,53054.0,10,0,606.0
C,69,38746.0,23,0,638.0
A,70,68156.0,18,0,662.0
B,22,50903.0,30,0,626.0
B,49,16120.0,21,0,626.0
A,29,49223.0,24,1,472.0
A,44,43925.0,38,0,625.0
C,56,54895.0,32,0,660.0
C,26,40530.0,16,0,583.0
A,53,32255.0,24,0,598.0
A,58,34634.0,11,1,776.0
A,51,48334.0,1,0,559.0
B,47,29182.0,7,0,669.0
C,67,43881.0,16,0,526.0
B,23,54222.0,13,1,560.0
A,24,49882.0,6,0,489.0
C,19,34563.0,1,0,485.0
A,20,54362.0,0,1,734.0
B,44,29841.0,25,0,499.0
B,24,59427.0,5,0,589.0
A,72,44130.0,35,0,508.0
A,68,50564.0,12,0,693.0
C,32,39439.0,37,0,527.0
C,70,20483.0,0,0,498.0
B,46,35577.0,17,1,425.0
C,43,58170.0,22,0,579.0
A,18,48870.0,3,0,548.0
A,58,43659.0,37,0,630.0
B,26,53313.0,29,0,387.0
A,28,46983.0,17,0,693.0
B,38,37298.0,16,0,705.0
C,31,51035.0,26,0,550.0
B,43,50878.0,14,0,628.0
A,19,34681.0,34,0,580.0
B,34,45043.0,35,0,607.0
B,25,37887.0,27,0,649.0
C,54,23487.0,1,0,648.0
B,73,27886.0,10,0,504.0
A,63,57890.0,2,0,680.0
B,43,47439.0,19,0,686.0
A,48,27072.0,2,0,503.0
A,32,50776.0,34,0,527.0
A,63,20691.0,7,1,529.0
A,61,46814.0,23,0,541.0
C,26,38064.0,30,1,519.0
A,37,37332.0,6,0,511.0
A,72,34875.0,28,0,604.0
A,40,42058.0,1,0,676.0
B,26,42376.0,2,0,562.0
A,45,42052.0,27,0,444.0
A,18,38866.0,11,0,629.0
A,33,29550.0,16,1,658.0
A,33,13358.0,9,1,685.0
C,58,54119.0,8,0,485.0
A,20,56694.0,29,0,757.0
B,42,27878.0,1,0,563.0
A,53,28534.0,15,0,519.0
A,25,38859.0,18,0,602.0
B,32,57275.0,29,0,668.0
A,50,34378.0,17,0,610.0
B,47,43598.0,9,1,647.0
A,20,51399.0,16,0,615.0
C,23,46546.0,13,0,547.0
B,64,47594.0,27,0,647.0
C,39,63646.0,23,0,702.0
A,42,45640.0,12,0,700.0
A,72,35162.0,19,0,562.0
A,57,28710.0,24,0,546.0
A,74,50084.0,21,0,607.0
A,51,23126.0,39,0,658.0
C,27,35618.0,6,1,727.0
B,60,33282.0,24,0,642.0
B,32,48066.0,19,0,634.0
C,45,44271.0,35,0,552.0
A,50,60992.0,36,0,650.0
B,47,45862.0,25,0,663.0
C,28,19602.0,15,0,555.0
C,18,35859.0,25,0,635.0
B,61,38946.0,6,0,506.0
B,30,48620.0,3,1,688.0
A,74,17430.0,11,1,493.0
A,74,63186.0,12,0,595.0
A,60,56403.0,3,1,554.0
B,57,39962.0,3,1,508.0
A,61,23125.0,35,0,673.0
B,26,30647.0,5,0,739.0
B,20,39471.0,18,0,572.0
C,35,42713.0,15,0,562.0
B,72,33114.0,4,0,559.0
B,37,45235.0,18,1,602.0
A,33,40533.0,24,0,602.0
B,20,39663.0,35,0,574.0
A,70,39612.0,5,0,675.0
B,45,43901.0,6,0,557.0
A,26,52846.0,6,0,675.0
A,26,44750.0,11,0,585.0
B,48,34528.0,28,0,490.0
B,53,51154.0,36,0,542.0
C,57,31206.0,23,0,552.0
A,71,54506.0,38,0,662.0
A,70,55825.0,10,0,604.0
C,72,52181.0,37,0,510.0
B,35,34667.0,26,0,689.0
C,36,37448.0,29,0,567.0
B,30,51530.0,31,0,545.0
C,58,36851.0,24,0,639.0
B,35,57804.0,29,0,582.0
C,62,37115.0,17,1,543.0
B,68,53458.0,26,0,596.0
A,61,43070.0,17,0,440.0
C,50,24542.0,38,0,540.0
B,30,37766.0,32,0,621.0
A,73,16294.0,14,0,609.0
B,24,27460.0,11,0,660.0
A,55,31135.0,28,0,639.0
B,34,38563.0,16,0,586.0
A,54,47717.0,37,0,656.0
C,37,9060.0,6,0,483.0
A,64,27449.0,9,0,565.0
B,60,43661.0,2,0,597.0
C,27,52266.0,14,0,619.0
B,19,51766.0,17,0,529.0
C,72,37160.0,20,0,573.0
A,38,23497.0,30,0,629.0
C,66,31994.0,0,0,674.0
C,62,33094.0,34,0,561.0
A,57,44975.0,29,0,525.0
C,62,25593.0,14,0,570.0
C,45,45910.0,25,0,543.0
A,31,21922.0,27,0,619.0
B,35,11884.0,38,0,612.0
A,50,41690.0,8,0,644.0
B,19,35265.0,6,0,660.0
A,53,57834.0,25,0,603.0
A,33,33306.0,16,0,628.0
A,18,50352.0,9,0,588.0
A,38,41347.0,19,0,609.0
A,69,58480.0,37,0,497.0
A,32,35027.0,26,0,712.0
B,28,45970.0,29,0,649.0
B,64,33022.0,38,0,517.0
C,66,24314.0,8,0,540.0
A,27,20819.0,3,0,650.0
B,66,45241.0,17,0,532.0
A,55,26580.0,36,0,669.0
B,39,41569.0,25,0,498.0
C,20,48088.0,10,1,634.0
C,52,16731.0,8,0,447.0
A,57,52693.0,26,0,566.0
B,73,31660.0,3,0,550.0
A,69,29990.0,27,1,762.0
A,18,52450.0,9,0,658.0
B,18,50827.0,30,0,709.0
A,42,27958.0,25,0,595.0
B,70,52638.0,20,1,489.0
B,60,41406.0,39,0,725.0
A,39,44246.0,39,0,713.0
C,67,35758.0,5,1,598.0
A,34,32828.0,26,0,590.0
C,23,52032.0,10,1,485.0
A,20,32372.0,28,1,599.0
A,50,49413.0,2,0,604.0
B,27,48234.0,33,0,511.0
A,24,33807.0,12,0,629.0
C,60,56172.0,7,0,695.0
A,55,45385.0,31,0,577.0
A,23,49523.0,13,1,468.0
B,37,36877.0,33,0,679.0
B,64,46422.0,21,0,467.0
B,71,56894.0,8,0,653.0
C,45,34539.0,14,0,629.0
A,21,41777.0,39,0,569.0
B,41,24778.0,28,0,629.0
A,47,57116.0,38,0,698.0
A,44,33534.0,36,0,457.0
A,70,40386.0,27,0,562.0
B,50,29864.0,21,0,639.0
C,63,19910.0,17,0,517.0
C,49,48508.0,19,0,721.0
A,26,54129.0,39,0,529.0
B,50,51619.0,30,0,450.0
B,43,30513.0,23,0,678.0
B,23,45499.0,9,0,632.0
B,57,39911.0,29,1,602.0
A,63,60678.0,0,0,584.0
A,48,26447.0,30,0,641.0
A,28,52865.0,39,0,535.0
A,47,48966.0,21,0,465.0
A,26,39778.0,31,0,652.0
B,27,36788.0,15,0,577.0
B,62,38388.0,22,0,474.0
A,71,59685.0,25,0,563.0
A,48,43874.0,19,0,738.0
B,28,34154.0,5,0,456.0
C,42,57752.0,5,0,798.0
B,50,56234.0,3,0,727.0
B,23,61787.0,4,0,674.0
A,65,47731.0,23,0,886.0
C,24,21002.0,17,0,530.0
C,52,39994.0,21,0,619.0
B,34,24238.0,28,0,602.0
C,32,70442.0,19,0,553.0
C,28,41070.0,3,0,583.0
A,32,20521.0,8,1,524.0
A,31,64928.0,29,0,532.0
A,70,48297.0,7,0,483.0
A,45,22993.0,34,0,607.0
B,73,39914.0,22,0,580.0
A,46,20676.0,18,0,520.0
A,50,33674.0,17,0,648.0
B,66,62698.0,28,0,614.0
C,68,41932.0,39,0,535.0
A,69,50962.0,28,0,532.0
A,52,42843.0,39,0,630.0
C,31,53375.0,0,0,421.0
A,23,51533.0,0,0,561.0
A,27,37166.0,1,0,633.0
A,42,27040.0,18,0,532.0
A,42,27834.0,18,0,495.0
C,25,42618.0,4,0,490.0
C,45,45714.0,11,0,637.0
B,72,49182.0,31,0,631.0
A,62,48873.0,27,0,757.0
C,60,49344.0,1,0,774.0
A,24,40758.0,13,0,548.0
C,23,45081.0,31,0,551.0
C,26,16980.0,19,1,650.0
B,22,21156.0,29,1,621.0
B,54,51894.0,31,0,591.0
B,57,30903.0,9,0,532.0
A,19,46208.0,36,0,628.0
C,27,50948.0,13,0,590.0
C,69,25634.0,0,0,449.0
C,42,25268.0,29,0,639.0
C,72,52548.0,33,0,653.0
A,47,55632.0,25,0,695.0
B,21,42884.0,8,1,600.0
A,21,35928.0,0,0,568.0
A,59,32461.0,25,0,701.0
A,69,49975.0,31,0,574.0
B,39,33763.0,11,0,614.0
B,26,48902.0,11,0,586.0
B,33,44933.0,26,0,577.0
A,60,37579.0,10,0,644.0
A,38,50494.0,16,1,688.0
A,50,52166.0,25,0,585.0
A,22,62266.0,10,0,552.0
A,74,55897.0,30,0,651.0
B,31,31902.0,19,0,688.0
C,21,41514.0,29,0,501.0
A,48,34651.0,7,0,523.0
C,23,33134.0,30,1,548.0
C,41,46215.0,35,0,538.0
B,61,38066.0,15,0,506.0
A,35,53089.0,15,0,533.0
A,40,31547.0,3,1,580.0
C,66,13372.0,15,0,529.0
B,54,48673.0,37,0,476.0
A,37,53093.0,1,0,383.0
A,19,52363.0,25,0,714.0
C,57,47138.0,29,0,543.0
A,46,62558.0,14,0,579.0
A,72,13937.0,23,0,710.0
C,52,39076.0,14,0,590.0
B,21,43238.0,33,0,438.0
C,48,45172.0,24,0,654.0
A,42,29118.0,38,0,702.0
A,35,56230.0,17,0,625.0
A,39,42718.0,19,0,644.0
A,68,70030.0,17,0,636.0
B,31,29574.0,36,0,688.0
A,63,51714.0,11,0,669.0
A,21,24068.0,8,0,475.0
B,43,39930.0,0,0,564.0
C,31,67350.0,33,0,503.0
A,24,46745.0,30,0,542.0
C,63,38002.0,37,0,694.0
A,30,48043.0,22,0,457.0
A,62,47366.0,5,0,614.0
B,21,30245.0,9,1,494.0
A,19,22363.0,9,0,486.0
A,71,42666.0,10,0,449.0
A,68,28882.0,38,0,585.0
A,27,25370.0,12,0,515.0
C,45,42606.0,18,0,617.0
A,33,55150.0,21,0,570.0
A,31,33267.0,34,0,504.0
A,66,32190.0,30,0,598.0
B,72,65734.0,31,0,629.0
A,35,54063.0,8,0,629.0
A,70,39851.0,0,1,561.0
A,65,7241.0,12,1,757.0
A,20,60734.0,32,0,603.0
A,26,37400.0,29,0,623.0
B,33,53539.0,25,0,612.0
A,27,45077.0,9,0,612.0
B,45,46202.0,17,0,695.0
A,24,56629.0,39,0,693.0
B,31,49581.0,36,0,548.0
A,22,39374.0,2,0,443.0
B,24,34102.0,7,0,582.0
A,63,59629.0,26,0,655.0
C,53,53582.0,32,0,579.0
A,41,49122.0,20,0,545.0
C,33,52483.0,1,0,433.0
A,32,47362.0,8,0,634.0
A,35,74262.0,11,0,666.0
C,31,14470.0,21,0,583.0
B,19,35572.0,30,0,568.0
A,63,61693.0,11,0,659.0
C,42,33753.0,15,0,625.0
A,29,27568.0,1,0,508.0
A,54,61995.0,2,0,581.0
C,73,40134.0,23,0,513.0
A,55,25985.0,21,0,612.0
B,18,62390.0,27,0,778.0
A,68,14150.0,18,0,522.0
B,54,41126.0,26,0,635.0
A,60,49866.0,8,0,547.0
C,54,52321.0,23,0,671.0
B,33,42898.0,32,0,559.0
B,32,51510.0,32,0,580.0
A,63,28110.0,12,0,564.0
B,66,22793.0,34,1,675.0
C,65,54258.0,22,0,559.0
A,31,67550.0,5,1,610.0
C,51,42274.0,20,0,473.0
B,38,48350.0,11,0,660.0
B,22,64836.0,15,0,535.0
A,25,22533.0,11,0,524.0
B,64,22334.0,32,0,713.0
C,31,32676.0,29,0,595.0
A,26,20722.0,5,1,575.0
C,39,53677.0,9,1,727.0
A,28,49701.0,15,0,735.0
A,22,32242.0,5,0,542.0
C,51,37117.0,35,0,533.0
A,21,59567.0,29,0,547.0
B,34,43975.0,3,1,627.0
A,55,41832.0,39,0,571.0
C,68,46518.0,39,1,494.0
C,56,26022.0,14,1,468.0
C,27,16816.0,11,0,694.0
B,26,6400.0,20,0,580.0
A,31,40612.0,32,0,626.0
A,33,50910.0,32,0,590.0
C,43,49391.0,5,0,508.0
C,35,25751.0,10,0,639.0
A,49,48443.0,10,1,672.0
B,51,41558.0,36,0,471.0
B,68,46820.0,11,0,667.0
A,52,45665.0,34,0,546.0
A,41,41535.0,4,1,795.0
C,40,32782.0,35,1,565.0
A,18,20965.0,27,0,747.0
A,27,38857.0,19,0,605.0
C,55,53673.0,17,0,671.0
C,65,32892.0,16,0,678.0
C,32,30850.0,19,0,491.0
B,62,29604.0,7,0,684.0
A,37,39510.0,4,0,507.0
A,40,50765.0,13,0,556.0
B,58,30590.0,26,0,639.0
A,41,50474.0,31,0,568.0
B,40,12538.0,28,0,631.0
A,56,66034.0,31,0,602.0
A,47,37377.0,12,0,591.0
A,28,34452.0,32,0,738.0
A,58,44362.0,10,0,577.0
B,55,31690.0,2,0,616.0
A,43,21822.0,21,0,542.0
A,37,37990.0,11,0,637.0
B,23,17714.0,5,1,585.0
C,51,47554.0,29,1,632.0
A,46,40350.0,31,0,593.0
A,56,52480.0,22,0,546.0
A,50,29896.0,0,0,641.0
A,40,52750.0,1,1,639.0
A,30,69833.0,37,0,528.0
A,35,59283.0,35,0,604.0
B,43,50554.0,24,0,670.0
A,32,56446.0,34,0,726.0
A,60,25039.0,4,0,625.0
B,63,34868.0,38,0,575.0
B,26,45614.0,13,0,674.0
A,26,38850.0,17,0,585.0
B,21,61121.0,30,0,530.0
B,64,55533.0,39,0,542.0
A,40,39050.0,5,0,634.0
A,52,46887.0,20,0,677.0
C,55,41350.0,1,0,570.0
A,30,44678.0,36,0,567.0
A,25,22248.0,10,0,698.0
A,29,6400.0,39,0,633.0
A,51,39386.0,0,0,615.0
A,45,47014.0,16,0,602.0
B,68,38372.0,32,0,453.0
A,49,51914.0,39,0,626.0
C,66,55417.0,35,0,717.0
B,23,20921.0,6,0,582.0
A,43,40979.0,25,0,499.0
A,73,37816.0,7,0,853.0
A,26,40662.0,11,0,318.0
A,44,44905.0,7,0,570.0
B,37,33909.0,38,0,673.0
C,24,42467.0,22,0,659.0
A,37,35051.0,5,1,614.0
A,24,34696.0,39,0,660.0
C,35,39101.0,2,0,677.0
B,71,46649.0,24,0,462.0
A,46,25565.0,34,0,567.0
A,64,29134.0,32,0,422.0
A,53,8002.0,15,1,649.0
B,52,28905.0,2,0,633.0
C,38,41174.0,9,0,559.0
A,30,25809.0,13,0,563.0
A,50,42542.0,35,0,646.0
A,27,52256.0,1,0,834.0
B,24,43346.0,5,1,564.0
A,53,44509.0,34,0,685.0
A,29,47038.0,30,0,511.0
A,26,44539.0,6,0,596.0
A,67,36398.0,19,1,551.0
B,38,36582.0,31,0,528.0
A,28,30693.0,32,0,578.0
A,35,38838.0,23,0,588.0
A,72,49608.0,31,0,699.0
A,54,39714.0,33,0,604.0
B,39,42618.0,29,0,594.0
B,28,44572.0,35,0,604.0
B,61,53588.0,29,0,597.0
A,52,25358.0,29,0,672.0
B,55,34276.0,9,0,808.0
A,74,45581.0,19,0,579.0
A,56,36948.0,37,0,757.0
A,38,59734.0,27,0,599.0
A,22,46934.0,1,0,475.0
A,72,46081.0,27,0,645.0
C,66,36282.0,19,0,534.0
C,63,53948.0,3,0,610.0
A,22,41241.0,38,0,576.0
A,72,53792.0,22,0,581.0
A,68,53732.0,26,0,653.0
B,40,18195.0,16,0,457.0
A,19,58662.0,27,0,603.0
C,50,18919.0,8,1,596.0
A,18,21494.0,28,1,463.0
C,23,60888.0,9,0,605.0
B,59,34930.0,21,0,642.0
A,65,45724.0,26,0,537.0
A,51,23358.0,16,0,569.0
A,34,60510.0,38,0,497.0
C,52,28374.0,35,0,568.0
C,23,37959.0,10,0,527.0
C,26,36082.0,26,0,660.0
B,38,46149.0,21,0,641.0
A,73,45058.0,37,0,690.0
C,34,34124.0,6,1,552.0
C,65,44838.0,27,0,646.0
A,28,39273.0,7,0,503.0
B,23,16194.0,19,0,616.0
C,66,24461.0,7,0,692.0
B,72,21870.0,30,0,485.0
B,18,42542.0,3,1,701.0
A,50,13749.0,8,0,602.0
B,29,39643.0,10,0,594.0
B,71,46690.0,12,0,532.0
C,30,49482.0,24,0,715.0
C,49,63938.0,33,0,587.0
A,38,43844.0,6,0,701.0
A,58,43496.0,10,0,515.0
C,34,46717.0,26,0,576.0
A,71,48376.0,34,0,590.0
A,23,25363.0,13,0,555.0
B,59,36462.0,9,0,604.0
C,21,43613.0,36,0,491.0
C,58,17627.0,39,0,661.0
B,49,27998.0,37,0,620.0
A,64,39077.0,28,1,481.0
B,66,46522.0,29,0,560.0
A,61,40134.0,37,0,443.0
B,53,37223.0,27,0,492.0
C,19,30501.0,14,1,512.0
B,71,46107.0,22,0,601.0
A,19,54467.0,13,0,627.0
C,45,31016.0,13,1,668.0
C,68,35403.0,39,0,652.0
A,68,36051.0,39,0,655.0
A,59,44055.0,0,0,633.0
C,49,21503.0,19,0,613.0
C,51,23862.0,34,1,689.0
A,69,46843.0,8,0,660.0
A,33,32127.0,38,0,525.0
C,60,43622.0,25,0,582.0
A,72,35192.0,7,0,714.0
A,43,45299.0,38,0,661.0
A,37,31404.0,26,0,481.0
A,27,20682.0,1,0,630.0
A,28,30061.0,7,1,535.0
A,28,44798.0,7,0,665.0
A,63,40260.0,31,1,714.0
B,52,35118.0,27,0,672.0
C,71,46174.0,33,0,698.0
B,27,62262.0,25,0,643.0
C,37,52252.0,38,0,451.0
C,19,41054.0,0,0,700.0
A,44,50397.0,28,0,563.0
B,27,29269.0,3,0,661.0
B,48,46620.0,2,0,658.0
A,59,47926.0,18,0,597.0
C,54,49357.0,11,0,629.0
A,63,59044.0,22,0,600.0
A,73,47096.0,34,0,562.0
B,67,46280.0,7,0,642.0
C,32,54961.0,6,0,506.0
A,45,44163.0,2,0,608.0
B,70,47126.0,33,0,692.0
B,58,41818.0,27,0,640.0
B,39,33822.0,37,0,655.0
A,47,47598.0,0,0,626.0
A,35,37531.0,4,0,608.0
B,41,51292.0,3,0,616.0
C,31,27922.0,18,1,659.0
A,49,55662.0,16,0,714.0
A,74,36491.0,24,0,610.0
B,55,23808.0,0,0,553.0
A,27,42238.0,15,0,647.0
B,33,30591.0,16,0,643.0
B,69,47486.0,2,0,492.0
A,70,57227.0,0,1,545.0
A,36,52740.0,4,0,496.0
A,49,44043.0,35,0,626.0
A,21,55227.0,10,0,575.0
A,31,41583.0,25,1,419.0
B,51,45145.0,30,0,690.0
C,19,14116.0,18,0,469.0
A,48,30466.0,21,0,616.0
A,28,25745.0,11,0,636.0
A,40,65031.0,36,0,677.0
C,32,49390.0,25,0,682.0
A,22,35584.0,33,0,530.0
A,72,19830.0,7,0,566.0
A,61,45625.0,22,0,542.0
A,66,33841.0,20,0,631.0
B,23,46032.0,34,0,619.0
C,42,49970.0,27,0,439.0
A,34,37422.0,19,0,554.0
C,34,37358.0,17,0,652.0
A,41,33426.0,32,0,566.0
C,48,34462.0,32,0,533.0
C,51,51118.0,27,0,673.0
C,73,37442.0,7,0,613.0
A,58,28799.0,19,1,620.0
B,74,23991.0,33,0,681.0
A,24,44958.0,25,0,569.0
B,41,32126.0,26,0,685.0
A,69,22148.0,33,0,584.0
A,24,48849.0,5,0,611.0
A,35,37142.0,1,1,651.0
C,55,40901.0,39,0,617.0
A,18,28183.0,31,0,599.0
A,46,23434.0,8,1,588.0
C,60,18507.0,30,0,646.0
C,49,51412.0,1,0,669.0
A,39,15054.0,8,1,578.0
A,64,40631.0,13,0,735.0
A,64,30738.0,22,0,521.0
C,63,34166.0,21,0,625.0
B,69,37138.0,13,0,676.0
A,20,45072.0,30,0,566.0
B,62,26765.0,37,0,531.0
A,32,23100.0,16,1,598.0
A,52,52787.0,3,0,806.0
A,55,42665.0,33,0,700.0
A,46,48943.0,15,0,655.0
A,73,44115.0,21,0,587.0
A,31,35117.0,23,0,527.0
C,35,41512.0,31,0,510.0
B,36,54058.0,15,0,507.0
A,72,18338.0,31,0,528.0
B,48,36668.0,17,1,509.0
A,61,37434.0,25,0,662.0
C,50,49566.0,21,0,570.0
A,23,42360.0,8,0,590.0
B,30,60742.0,33,0,672.0
A,59,24495.0,17,0,657.0
B,56,45774.0,32,0,551.0
A,60,20086.0,21,1,613.0
B,51,22514.0,35,0,562.0
C,23,35182.0,8,0,758.0
A,67,65343.0,4,0,615.0
A,33,26949.0,28,0,591.0
B,68,36793.0,31,0,730.0
A,29,42873.0,29,0,679.0
A,27,49539.0,7,0,692.0
A,44,49230.0,0,0,586.0
C,39,34800.0,3,0,709.0
A,73,31511.0,31,0,664.0
B,54,20643.0,24,0,670.0
A,68,36628.0,31,0,588.0
C,27,64497.0,39,0,454.0
A,59,31715.0,18,0,734.0
B,53,28983.0,3,1,494.0
B,72,37054.0,37,0,575.0
A,67,37323.0,19,0,595.0
B,73,43102.0,23,0,623.0
C,42,57990.0,7,0,584.0
A,34,50334.0,34,0,619.0
B,65,31414.0,27,0,586.0
C,27,36346.0,6,0,574.0
B,44,43725.0,19,0,676.0
B,29,49339.0,5,0,570.0
C,70,43983.0,23,0,457.0
B,51,37044.0,33,0,708.0
A,74,53130.0,26,0,544.0
C,33,23471.0,18,0,664.0
B,20,38835.0,30,0,650.0
A,26,22606.0,31,0,626.0
A,39,25412.0,28,0,543.0
A,25,30939.0,31,0,670.0
B,32,34589.0,35,1,656.0
C,45,37970.0,38,0,548.0
A,38,19670.0,32,0,842.0
A,37,43204.0,15,0,494.0
A,44,40159.0,8,0,731.0
A,45,32774.0,31,0,655.0
B,33,52635.0,31,0,702.0
C,38,42482.0,20,0,526.0
A,74,30843.0,15,0,560.0
B,27,30859.0,28,0,557.0
C,72,46282.0,6,0,481.0
A,18,50652.0,29,0,676.0
A,65,22836.0,17,0,636.0
A,61,67092.0,27,0,650.0
B,64,37061.0,15,0,456.0
A,69,31111.0,16,0,508.0
A,34,50568.0,32,0,612.0
A,61,60247.0,5,0,537.0
A,27,31315.0,14,0,558.0
C,26,48985.0,19,0,539.0
A,53,36044.0,38,0,602.0
C,51,33693.0,6,0,505.0
C,29,59679.0,2,0,449.0
B,65,30541.0,10,0,583.0
C,49,19903.0,7,1,636.0
B,20,45944.0,8,0,639.0
B,45,48205.0,29,0,645.0
B,46,40722.0,3,0,713.0
B,65,44251.0,21,0,715.0
B,62,38398.0,23,0,557.0
C,37,54478.0,24,0,614.0
A,74,55980.0,20,0,543.0
A,25,54350.0,2,0,697.0
A,54,53594.0,22,0,618.0
A,57,57452.0,28,0,637.0
C,46,40666.0,33,0,526.0
C,60,43470.0,33,0,657.0
C,30,27420.0,16,0,576.0
C,43,36874.0,37,0,669.0
A,18,20533.0,3,0,429.0
A,68,44678.0,17,0,654.0
C,49,42976.0,0,1,692.0
A,43,46339.0,30,0,624.0
C,72,51366.0,2,0,728.0
A,72,59270.0,5,0,690.0
A,63,41499.0,16,1,570.0
A,31,39514.0,16,0,704.0
A,55,30418.0,9,0,509.0
B,56,31770.0,0,0,519.0
C,18,33945.0,9,0,564.0
A,32,48844.0,6,0,793.0
A,41,32118.0,39,0,553.0
B,49,44826.0,0,0,714.0
A,54,32328.0,33,0,765.0
A,40,45736.0,19,0,599.0
B,58,44049.0,27,0,565.0
A,29,41750.0,33,0,474.0
A,41,50910.0,17,0,561.0
B,69,29889.0,26,0,496.0
B,41,41427.0,14,0,553.0
B,20,32869.0,16,0,596.0
A,58,37425.0,30,0,521.0
A,73,43593.0,16,0,544.0
B,50,29694.0,34,0,666.0
C,64,30608.0,26,0,557.0
A,63,60687.0,13,0,633.0
B,40,29357.0,37,0,473.0
A,72,37082.0,1,0,684.0
B,36,17782.0,38,0,584.0
C,55,43850.0,19,0,503.0
A,27,58984.0,0,0,642.0
A,28,33540.0,34,1,741.0
B,47,57866.0,35,0,531.0
B,61,25702.0,7,0,595.0
C,63,35303.0,24,0,646.0
B,47,20658.0,30,0,597.0
B,37,24158.0,4,1,460.0
A,27,29636.0,39,0,579.0
A,34,29194.0,23,0,590.0
A,48,54329.0,29,0,468.0
A,60,29935.0,30,0,642.0
A,70,27238.0,17,1,679.0
A,51,39346.0,13,0,550.0
B,23,32641.0,16,0,545.0
A,53,36648.0,33,0,599.0
A,24,26782.0,34,0,545.0
B,59,38745.0,21,0,658.0
A,27,41360.0,7,0,583.0
A,21,17822.0,36,0,656.0
A,32,44522.0,25,0,700.0
A,54,33797.0,32,0,666.0
A,27,34135.0,28,0,806.0
A,48,47692.0,13,0,524.0
C,73,26916.0,35,0,592.0
A,73,23015.0,19,0,567.0
B,69,24683.0,1,0,605.0
A,29,33586.0,14,0,548.0
C,23,43581.0,27,0,437.0
B,29,28649.0,28,0,591.0
B,38,43962.0,16,1,604.0
A,44,45253.0,15,0,480.0
A,51,46914.0,6,0,744.0
C,18,19566.0,19,0,654.0
A,61,59918.0,27,0,606.0
A,43,46392.0,23,0,565.0
C,60,51918.0,9,0,623.0
B,25,40676.0,39,0,597.0
B,70,43136.0,38,0,632.0
A,71,39238.0,38,0,782.0
A,20,19531.0,4,0,553.0
B,20,54057.0,14,0,540.0
B,19,15685.0,27,1,663.0
A,67,37838.0,31,0,598.0
B,60,52058.0,33,0,597.0
B,71,41797.0,24,0,708.0
A,35,40502.0,22,0,614.0
B,73,29756.0,17,0,603.0
A,22,48977.0,6,0,784.0
B,61,39142.0,0,0,550.0
A,29,46213.0,38,0,452.0
B,47,18166.0,31,0,747.0
A,48,24530.0,3,0,693.0
A,24,22282.0,26,0,653.0
C,25,31291.0,6,0,493.0
A,32,34251.0,32,0,642.0
A,45,41768.0,33,0,570.0
A,49,33191.0,33,0,475.0
B,27,32955.0,34,0,639.0
A,47,54967.0,20,0,687.0
B,42,49249.0,24,0,709.0
A,51,37202.0,3,0,512.0
A,22,31786.0,7,0,495.0
C,28,49864.0,19,0,676.0
A,59,11772.0,17,0,565.0
B,31,36130.0,29,0,598.0
A,50,48883.0,4,0,669.0
C,57,36583.0,21,0,478.0
B,57,47915.0,30,0,603.0
B,43,36381.0,19,0,547.0
B,42,27583.0,33,1,678.0
A,57,32123.0,4,0,526.0
A,23,43370.0,26,0,399.0
A,26,37124.0,38,0,659.0
B,72,52460.0,23,0,596.0
C,55,21433.0,11,0,607.0
B,35,44603.0,35,0,547.0
A,56,47198.0,0,0,485.0
A,70,44311.0,28,0,552.0
A,55,40423.0,20,0,556.0
A,24,39616.0,21,0,686.0
C,55,59986.0,23,0,559.0
B,56,35949.0,6,0,771.0
A,70,18618.0,3,1,638.0
B,58,32641.0,38,1,620.0
C,66,42755.0,34,0,656.0
A,24,44654.0,34,0,579.0
C,46,36494.0,5,0,512.0
B,28,46799.0,31,0,537.0
A,19,39649.0,32,0,764.0
A,51,37440.0,15,1,647.0
C,40,58587.0,12,0,470.0
C,26,16402.0,22,0,513.0
B,56,46322.0,20,1,709.0
A,45,36030.0,20,1,628.0
A,49,41205.0,18,0,581.0
C,54,45270.0,32,0,567.0
B,70,32725.0,25,0,530.0
A,50,48183.0,34,0,603.0
A,55,45769.0,7,0,678.0
A,40,41789.0,38,0,592.0
C,31,32841.0,12,1,678.0
C,19,27461.0,5,1,649.0
C,24,55641.0,20,0,613.0
A,55,33274.0,36,0,667.0
C,46,48899.0,8,0,602.0
C,23,55134.0,18,0,569.0
A,51,57130.0,3,1,547.0
A,61,14478.0,27,0,530.0
A,52,16053.0,14,0,447.0
A,18,33838.0,33,0,622.0
A,57,49437.0,16,0,615.0
A,27,16812.0,36,0,535.0
A,34,40247.0,18,0,548.0
B,25,46462.0,39,0,640.0
A,53,55522.0,2,1,803.0
A,60,31138.0,10,0,783.0
A,42,43634.0,24,0,695.0
B,50,55881.0,20,0,600.0
C,57,35462.0,4,0,594.0
A,25,63727.0,39,0,559.0
A,59,72118.0,25,1,598.0
A,65,69406.0,1,0,562.0
A,69,20814.0,2,0,600.0
A,67,48244.0,14,0,587.0
A,36,31173.0,16,0,595.0
A,46,26710.0,35,0,763.0
A,53,35966.0,18,0,575.0
A,37,40100.0,2,0,587.0
A,66,38970.0,11,0,716.0
A,61,47970.0,3,1,578.0
A,20,40078.0,19,0,552.0
A,72,6400.0,0,0,648.0
A,29,40298.0,37,0,575.0
A,18,37168.0,21,0,633.0
C,38,31271.0,14,0,629.0
B,48,43039.0,29,0,493.0
C,57,30186.0,34,0,620.0
A,38,31486.0,26,0,597.0
A,28,47637.0,38,0,644.0
A,31,51138.0,32,0,549.0
C,74,52527.0,22,0,647.0
C,36,46400.0,0,0,657.0
C,51,42848.0,34,0,694.0
B,36,16822.0,25,0,528.0
B,59,25675.0,34,0,647.0
B,54,37646.0,22,0,543.0
C,64,48226.0,28,0,546.0
C,32,47766.0,28,0,576.0
B,74,50122.0,39,0,486.0
A,55,38862.0,17,0,730.0
A,72,13461.0,4,1,520.0
A,43,37506.0,38,1,558.0
A,71,46609.0,10,0,676.0
B,64,33314.0,6,0,663.0
B,53,38429.0,0,0,618.0
C,25,13654.0,5,0,517.0
A,60,51642.0,30,0,590.0
A,18,47622.0,26,0,641.0
A,66,34834.0,12,1,542.0
A,45,43062.0,29,1,570.0
C,72,43338.0,28,1,608.0
B,54,38583.0,13,0,500.0
B,51,30955.0,34,0,701.0
A,54,38104.0,25,0,551.0
A,28,54875.0,11,0,608.0
A,52,50385.0,16,1,676.0
C,44,43587.0,25,0,589.0
A,24,24766.0,19,0,679.0
A,61,38111.0,24,0,620.0
B,58,53864.0,37,0,555.0
B,57,46338.0,25,0,667.0
A,67,34629.0,17,0,527.0
B,69,26907.0,11,0,724.0
B,46,37054.0,24,0,524.0
B,63,35382.0,11,1,514.0
A,53,28583.0,17,0,616.0
C,30,38160.0,20,0,455.0
A,58,60685.0,11,0,657.0
B,18,43962.0,7,1,588.0
C,36,40543.0,25,0,549.0
C,46,29782.0,23,0,635.0
A,24,33037.0,11,0,573.0
B,67,55050.0,8,1,700.0
B,46,32746.0,22,0,605.0
C,52,42075.0,22,0,634.0
A,30,37395.0,15,1,701.0
A,43,35736.0,1,1,608.0
A,62,44514.0,23,0,592.0
C,71,42554.0,13,1,730.0
A,19,39878.0,29,0,514.0
A,71,60494.0,15,0,671.0
A,66,45155.0,4,0,593.0
A,38,49882.0,37,0,429.0
C,70,24877.0,31,0,577.0
B,34,57251.0,32,0,702.0
A,21,25318.0,15,0,508.0
A,43,34462.0,5,0,660.0
B,44,29910.0,15,0,666.0
B,41,40222.0,18,0,578.0
C,39,46711.0,13,0,660.0
B,36,51237.0,19,0,729.0
A,32,37199.0,9,1,659.0
B,36,27186.0,13,0,670.0
A,63,25766.0,19,0,572.0
A,68,41777.0,9,0,430.0
A,25,22319.0,2,0,587.0
A,50,43613.0,34,0,416.0
C,63,59277.0,0,0,557.0
A,37,43762.0,6,0,480.0
A,74,47730.0,11,0,558.0
A,25,52553.0,4,0,568.0
A,72,33314.0,28,0,575.0
B,20,36155.0,36,0,580.0
A,40,34506.0,19,0,513.0
C,20,65703.0,4,1,613.0
B,60,21710.0,5,0,597.0
A,73,34531.0,29,0,521.0
A,26,34898.0,14,0,702.0
A,65,38425.0,33,0,526.0
C,21,47046.0,13,0,548.0
B,19,40008.0,39,0,565.0
B,49,54038.0,32,0,612.0
A,53,39802.0,31,0,685.0
A,34,39363.0,38,0,547.0
B,29,44943.0,6,0,512.0
B,74,58418.0,38,0,536.0
B,53,29339.0,8,0,602.0
B,60,48582.0,4,0,810.0
A,46,60958.0,35,0,526.0
A,55,47964.0,37,0,739.0
B,73,15128.0,31,1,581.0
B,50,38071.0,12,0,652.0
C,20,40855.0,29,0,633.0
B,49,48541.0,6,0,465.0
A,63,32209.0,27,0,646.0
A,66,56534.0,35,0,603.0
B,39,14030.0,31,0,639.0
C,54,43275.0,39,0,632.0
A,55,59438.0,28,0,531.0
A,19,38927.0,34,0,659.0
B,48,24684.0,14,1,572.0
C,62,47481.0,16,0,626.0
C,21,38256.0,14,0,661.0
C,45,31573.0,29,0,669.0
B,23,37314.0,0,1,583.0
A,24,51362.0,32,0,583.0
B,32,42989.0,8,0,551.0
B,70,49825.0,9,0,703.0
C,58,42074.0,35,0,654.0
A,19,52435.0,38,0,613.0
C,43,34502.0,3,0,684.0
A,57,17914.0,23,0,648.0
A,55,34801.0,17,0,644.0
A,74,53568.0,13,0,651.0
A,46,48257.0,11,0,586.0
C,66,37397.0,5,0,595.0
A,69,67650.0,3,0,661.0
A,42,46178.0,0,0,677.0
A,32,33782.0,19,0,704.0
C,22,26274.0,20,0,613.0
B,38,32190.0,4,0,646.0
B,35,58388.0,23,0,581.0
B,37,32393.0,18,0,561.0
B,56,45298.0,16,0,449.0
A,64,37899.0,25,0,615.0
B,42,43240.0,10,0,496.0
A,71,41162.0,22,0,564.0
A,46,33007.0,27,0,575.0
B,72,34940.0,21,0,602.0
B,55,44817.0,31,0,577.0
C,42,50064.0,13,0,527.0
C,34,41525.0,11,0,758.0
C,32,40257.0,21,0,535.0
B,31,16618.0,39,0,589.0
C,58,38939.0,7,0,539.0
A,23,41176.0,22,1,451.0
A,55,33858.0,13,0,554.0
A,42,33394.0,37,0,509.0
B,32,32198.0,32,0,650.0
B,70,43150.0,35,0,656.0
B,21,49898.0,35,0,651.0
B,66,46290.0,8,0,547.0
C,48,38314.0,12,0,748.0
B,33,51730.0,1,1,597.0
A,59,70983.0,0,0,705.0
A,68,39797.0,17,0,597.0
B,35,42161.0,16,0,571.0
A,65,22298.0,37,0,562.0
C,48,32397.0,35,1,668.0
A,38,39886.0,28,0,619.0
C,51,51861.0,22,0,756.0
A,26,34426.0,16,0,614.0
B,66,35232.0,36,0,574.0
A,19,59978.0,18,0,599.0
A,66,54730.0,33,0,656.0
B,48,10394.0,18,0,628.0
A,30,37865.0,21,0,637.0
A,49,72037.0,31,0,533.0
B,18,23468.0,17,0,527.0
C,63,47617.0,11,0,611.0
C,67,38653.0,15,1,731.0
A,20,38417.0,19,0,643.0
C,33,28793.0,4,0,519.0
A,26,23971.0,12,0,662.0
A,49,43324.0,12,0,576.0
C,35,54188.0,38,0,532.0
A,32,41425.0,16,0,566.0
B,43,39168.0,14,0,629.0
A,29,32948.0,39,0,572.0
C,23,37066.0,12,1,583.0
C,72,42094.0,5,0,598.0
A,41,30362.0,10,0,649.0
B,51,66049.0,16,0,635.0
A,65,48011.0,19,0,605.0
A,58,24896.0,11,0,822.0
A,45,32722.0,33,0,573.0
C,61,43610.0,14,0,520.0
B,53,29692.0,4,0,613.0
C,27,11635.0,10,0,552.0
A,24,36372.0,18,0,691.0
C,60,39826.0,2,0,595.0
A,55,35181.0,39,0,495.0
B,63,44820.0,8,0,649.0
A,32,43253.0,26,1,613.0
A,60,52038.0,7,0,552.0
C,40,57984.0,13,0,432.0
C,25,42768.0,4,0,474.0
B,27,45978.0,4,1,662.0
A,66,65026.0,25,0,753.0
B,36,35456.0,32,0,608.0
B,54,36575.0,28,0,524.0
A,25,38299.0,16,0,668.0
B,71,18056.0,12,0,708.0
B,61,34654.0,7,0,701.0
A,18,40439.0,11,0,686.0
A,69,30703.0,11,0,700.0
B,46,37462.0,27,0,655.0
C,32,38544.0,18,0,697.0
B,57,37686.0,4,0,540.0
C,29,40106.0,26,0,515.0
B,63,59631.0,34,0,682.0
B,57,29689.0,33,0,558.0
A,40,39468.0,35,0,486.0
B,43,48714.0,1,0,503.0
B,35,33287.0,18,1,543.0
B,64,37418.0,19,0,599.0
C,69,32867.0,38,0,503.0
C,51,37498.0,7,0,530.0
C,48,36347.0,5,0,510.0
A,28,25544.0,34,0,558.0
B,63,37911.0,39,0,673.0
B,42,32636.0,15,0,728.0
A,45,31303.0,28,0,654.0
A,22,37746.0,35,0,688.0
A,64,33290.0,34,0,684.0
A,18,43431.0,11,0,536.0
A,56,36949.0,8,0,591.0
A,61,28162.0,4,0,618.0
A,31,32161.0,1,1,689.0
B,57,50478.0,10,0,583.0
B,55,54753.0,18,0,725.0
B,33,55746.0,13,0,667.0
A,40,30754.0,11,0,652.0
A,32,35873.0,22,1,670.0
B,68,50824.0,11,0,768.0
B,67,24196.0,19,0,562.0
A,50,26480.0,27,0,563.0
A,42,32407.0,21,0,628.0
B,56,47782.0,26,0,543.0
A,32,33181.0,36,0,626.0
B,65,70182.0,35,0,668.0
C,64,19746.0,15,0,682.0
A,65,50357.0,37,0,595.0
C,34,25555.0,17,0,590.0
A,61,55114.0,24,0,574.0
B,51,46136.0,12,0,486.0
A,57,54592.0,1,0,689.0
A,39,46616.0,12,0,671.0
B,57,39858.0,21,0,549.0
A,30,15358.0,24,0,531.0
A,65,40514.0,21,0,609.0
C,48,40818.0,28,0,648.0
A,41,54525.0,29,0,550.0
A,66,43638.0,5,1,665.0
A,55,23862.0,21,0,633.0
A,69,46769.0,19,0,564.0
A,29,27342.0,35,0,580.0
A,18,35369.0,32,0,710.0
C,30,49011.0,9,0,647.0
A,62,30495.0,35,0,504.0
B,67,44294.0,7,0,570.0
B,71,29942.0,12,0,753.0
A,61,51673.0,20,0,645.0
A,71,43859.0,5,0,621.0
B,21,35436.0,29,0,548.0
C,20,33226.0,23,0,591.0
A,68,41834.0,6,0,625.0
A,53,40678.0,24,0,578.0
B,42,30648.0,38,0,532.0
A,38,36292.0,34,0,655.0
C,70,63834.0,38,0,591.0
C,45,47890.0,31,0,765.0
B,18,34121.0,22,0,683.0
B,39,61636.0,32,0,599.0
B,68,44896.0,28,0,466.0
B,31,51756.0,15,0,600.0
A,36,84129.0,28,0,692.0
A,24,39828.0,11,0,412.0
B,28,31475.0,12,1,577.0
B,21,28053.0,7,0,544.0
A,69,18439.0,17,1,665.0
A,61,48471.0,19,1,650.0
A,39,47161.0,3,0,602.0
B,72,36658.0,30,0,648.0
A,63,26129.0,2,0,614.0
A,24,44188.0,15,0,663.0
A,19,36796.0,8,0,623.0
B,74,44454.0,29,0,713.0
A,28,20686.0,3,0,636.0
C,63,49027.0,15,1,577.0
C,53,37629.0,20,0,584.0
B,61,28684.0,6,0,548.0
A,26,35950.0,3,0,551.0
A,35,15810.0,26,0,684.0
A,50,22789.0,32,0,602.0
A,33,55294.0,22,0,646.0
C,26,23993.0,27,0,658.0
B,44,59343.0,36,0,566.0
A,26,56923.0,20,1,678.0
A,66,46024.0,18,0,633.0
A,59,43547.0,21,0,664.0
C,60,49097.0,33,0,530.0
B,48,32154.0,27,0,725.0
B,35,42853.0,36,0,638.0
A,29,71908.0,23,0,530.0
A,45,29759.0,20,1,586.0
A,21,40192.0,13,0,705.0
A,22,68419.0,23,0,481.0
C,29,33203.0,8,1,611.0
A,37,39956.0,21,0,725.0
B,50,38994.0,27,0,463.0
A,72,6400.0,17,0,474.0
A,38,30354.0,13,0,751.0
B,41,52030.0,11,0,584.0
A,38,43750.0,26,0,548.0
A,46,32984.0,20,0,563.0
B,50,31898.0,8,0,592.0
C,24,41972.0,7,0,476.0
A,33,29253.0,6,1,460.0
A,68,21898.0,16,0,722.0
A,71,38806.0,16,0,543.0
B,64,62442.0,7,0,594.0
A,56,56947.0,8,0,517.0
C,66,28299.0,8,0,665.0
C,33,33582.0,38,0,540.0
C,49,25629.0,23,1,647.0
A,52,47899.0,0,0,764.0
A,64,32229.0,16,0,756.0
B,44,48641.0,22,0,459.0
A,25,48734.0,13,0,495.0
A,42,36134.0,31,0,522.0
B,66,53248.0,7,0,551.0
C,30,27959.0,12,0,643.0
C,41,40922.0,3,1,538.0
A,55,34229.0,14,0,660.0
C,48,58860.0,24,0,482.0
B,55,28679.0,1,0,534.0
B,37,51605.0,26,0,712.0
A,70,20134.0,26,0,505.0
A,67,41124.0,19,0,564.0
A,38,51267.0,27,0,631.0
A,30,16131.0,36,1,732.0
B,41,43866.0,32,0,736.0
A,48,40494.0,13,0,703.0
A,49,29602.0,38,0,659.0
A,60,49473.0,8,0,732.0
A,61,45552.0,39,0,694.0
C,33,34943.0,10,1,648.0
B,18,55754.0,36,0,474.0
B,29,39781.0,31,0,527.0
B,29,57282.0,12,0,593.0
B,41,55150.0,6,0,644.0
C,35,40219.0,5,0,718.0
A,49,40858.0,12,0,520.0
A,36,44848.0,7,0,566.0
A,58,21140.0,12,0,773.0
B,26,25746.0,26,0,686.0
B,55,51125.0,21,0,661.0
A,56,56362.0,33,0,632.0
C,58,34553.0,24,0,569.0
B,62,52726.0,30,0,656.0
A,70,56702.0,31,0,582.0
A,21,36940.0,1,0,601.0
A,45,42181.0,0,0,575.0
A,67,12682.0,11,0,490.0
A,41,54214.0,5,0,491.0
A,20,32379.0,16,0,588.0
A,43,18691.0,16,0,682.0
A,48,29189.0,18,0,658.0
A,59,42230.0,8,0,593.0
A,24,43233.0,21,0,533.0
A,60,31932.0,0,0,551.0
B,29,37322.0,10,0,410.0
C,18,45478.0,34,0,590.0
C,34,38626.0,25,0,389.0
B,59,35578.0,24,0,615.0
A,57,23510.0,13,0,707.0
A,59,30198.0,19,1,688.0
A,62,68794.0,16,0,695.0
C,51,38803.0,39,0,737.0
B,62,29551.0,4,0,603.0
B,23,56906.0,18,0,505.0
C,42,26939.0,31,1,312.0
A,31,43890.0,39,0,503.0
A,60,44342.0,15,0,796.0
B,50,35220.0,6,0,665.0
C,35,35416.0,21,0,587.0
A,35,34489.0,23,0,666.0
A,53,44732.0,39,0,643.0
C,71,56338.0,5,0,547.0
B,47,41060.0,23,0,643.0
C,52,32634.0,12,0,437.0
C,45,55273.0,21,0,766.0
C,59,28003.0,32,1,626.0
B,32,54678.0,2,0,611.0
B,71,33064.0,18,0,622.0
A,33,46580.0,12,0,638.0
C,65,38264.0,11,1,468.0
A,41,49320.0,4,1,638.0
A,57,44590.0,1,0,692.0
A,53,33767.0,32,0,537.0
C,26,38143.0,19,0,612.0
B,52,46420.0,4,1,620.0
A,69,35569.0,30,0,706.0
A,37,47262.0,0,1,590.0
C,40,44182.0,10,0,706.0
B,41,50330.0,15,0,580.0
A,52,65201.0,20,0,707.0
A,22,44484.0,7,1,384.0
A,36,32018.0,36,0,602.0
A,33,24891.0,18,0,641.0
B,28,26386.0,0,0,630.0
A,59,38194.0,15,0,670.0
C,70,39623.0,7,0,581.0
A,60,38642.0,12,0,602.0
A,66,51233.0,0,0,533.0
A,33,33536.0,7,0,614.0
A,61,46603.0,17,0,574.0
A,61,55956.0,33,0,708.0
A,41,49840.0,14,0,679.0
A,57,62095.0,27,0,643.0
A,30,37390.0,24,0,600.0
A,33,37450.0,19,0,603.0
C,42,30655.0,21,0,638.0
A,46,34282.0,3,0,601.0
B,21,15963.0,25,1,594.0
C,27,32006.0,36,0,647.0
A,40,48770.0,31,0,568.0
A,51,48134.0,10,0,608.0
C,39,42324.0,33,0,601.0
C,31,20734.0,5,0,522.0
A,39,55669.0,21,0,546.0
B,49,36251.0,22,0,609.0
C,72,40485.0,37,0,607.0
A,45,53036.0,26,0,533.0
A,20,64038.0,17,0,589.0
A,47,31382.0,17,0,611.0
C,59,18636.0,33,1,686.0
B,51,56509.0,10,0,618.0
A,60,48142.0,29,0,514.0
C,66,56297.0,13,0,590.0
B,46,46363.0,15,0,755.0
A,62,31588.0,28,0,624.0
C,50,50696.0,7,0,544.0
A,45,47824.0,7,0,757.0
A,56,58512.0,13,0,584.0
A,46,34678.0,26,0,497.0
C,52,31002.0,36,1,638.0
A,18,31168.0,2,1,693.0
A,50,58565.0,33,0,516.0
B,73,40437.0,21,0,634.0
A,48,47489.0,39,1,577.0
B,53,42992.0,0,0,451.0
A,60,26262.0,34,0,536.0
C,33,45342.0,3,1,513.0
A,23,43036.0,10,0,530.0
B,69,30506.0,9,0,576.0
A,56,41367.0,33,0,514.0
C,66,31163.0,23,0,578.0
A,20,50572.0,23,0,604.0
A,26,25220.0,9,0,589.0
B,58,34732.0,34,0,579.0
C,37,36757.0,38,0,550.0
A,25,48818.0,1,0,540.0
C,49,40712.0,15,0,688.0
A,24,32428.0,35,0,616.0
A,58,52443.0,13,0,572.0
A,37,14176.0,9,0,513.0
B,60,15254.0,3,1,679.0
B,60,31466.0,36,0,663.0
A,37,12488.0,8,0,537.0
A,53,31504.0,13,0,585.0
A,23,44435.0,2,0,514.0
C,56,28974.0,38,0,564.0
A,25,37281.0,5,0,599.0
A,43,24636.0,30,0,611.0
B,51,22376.0,1,0,559.0
A,73,38251.0,22,0,680.0
A,63,46768.0,29,0,580.0
C,68,58860.0,7,0,614.0
B,25,36705.0,26,0,720.0
B,20,33756.0,21,0,656.0
C,58,32694.0,38,0,445.0
A,56,24528.0,27,0,599.0
C,23,48015.0,30,0,494.0
C,35,31868.0,5,0,758.0
B,36,51711.0,7,1,647.0
B,49,36946.0,5,0,670.0
B,46,35901.0,18,0,666.0
A,51,39221.0,11,0,650.0
A,71,38087.0,35,0,473.0
B,55,36385.0,30,0,532.0
B,62,13626.0,31,0,514.0
C,60,60756.0,14,0,634.0
B,51,40939.0,12,0,618.0
B,26,47815.0,10,0,573.0
A,40,44209.0,3,0,664.0
C,38,40568.0,32,0,719.0
A,62,39202.0,31,0,646.0
B,67,42171.0,6,0,539.0
A,64,31166.0,20,1,573.0
A,63,49639.0,21,0,500.0
B,67,49731.0,29,0,520.0
C,34,18294.0,16,0,572.0
C,55,48745.0,22,0,707.0
C,24,40286.0,39,0,637.0
C,64,37850.0,6,0,625.0
A,53,25298.0,39,1,785.0
C,32,20374.0,35,0,544.0
A,45,56711.0,35,0,456.0
B,64,29271.0,23,0,646.0
B,47,45390.0,5,0,550.0
B,73,42726.0,3,0,466.0
A,70,37198.0,24,0,512.0
B,67,52756.0,31,0,465.0
A,35,44459.0,10,1,593.0
B,22,48918.0,17,0,623.0
A,30,50085.0,2,0,517.0
A,46,51046.0,25,0,522.0
C,27,43089.0,30,0,684.0
A,25,57208.0,24,0,494.0
B,56,41855.0,10,0,679.0
A,63,21978.0,1,0,557.0
B,21,55106.0,4,0,638.0
A,56,43078.0,13,0,678.0
A,44,19789.0,25,0,749.0
B,71,43984.0,30,0,672.0
A,32,51562.0,15,0,444.0
B,70,30042.0,13,1,570.0
B,22,49639.0,20,0,597.0
B,60,74335.0,17,0,568.0
C,23,32370.0,20,0,636.0
A,54,30347.0,29,0,428.0
B,68,45097.0,28,0,673.0
B,62,52662.0,6,0,612.0
B,36,42526.0,10,0,588.0
A,43,29869.0,7,1,597.0
B,28,47885.0,28,0,611.0
C,55,62930.0,35,0,593.0
A,53,53561.0,14,0,711.0
A,55,49018.0,0,0,469.0
A,20,24362.0,17,0,654.0
A,56,37180.0,18,0,662.0
B,64,53569.0,30,0,733.0
A,30,38408.0,28,0,611.0
A,29,23171.0,12,0,517.0
B,65,48789.0,6,0,578.0
A,31,40246.0,3,0,670.0
A,44,53018.0,26,0,562.0
A,21,31905.0,37,0,703.0
B,34,53179.0,8,0,634.0
A,42,54162.0,29,0,646.0
C,50,25292.0,33,0,558.0
A,37,30059.0,8,0,680.0
A,45,36128.0,17,0,614.0
A,19,40302.0,0,0,716.0
B,34,56989.0,31,0,505.0
A,51,48520.0,26,0,594.0
C,63,51678.0,35,0,629.0
B,42,57031.0,32,0,664.0
A,73,43732.0,0,1,571.0
C,44,20255.0,31,0,615.0
B,19,39440.0,36,0,609.0
A,58,58850.0,12,0,726.0
B,33,28332.0,7,0,679.0
A,73,50150.0,3,0,554.0
A,50,37239.0,22,0,594.0
A,22,41589.0,6,0,651.0
B,27,33360.0,39,0,578.0
A,21,39477.0,6,0,662.0
C,52,43328.0,1,0,681.0
B,66,30774.0,28,0,645.0
A,36,62643.0,21,0,452.0
C,51,27626.0,27,1,668.0
A,67,25282.0,21,0,585.0
A,41,13491.0,11,0,522.0
C,20,37718.0,30,0,508.0
A,72,26312.0,17,0,561.0
A,39,50930.0,27,0,608.0
A,47,58399.0,10,0,637.0
A,70,42262.0,9,0,581.0
A,41,43021.0,1,0,703.0
B,36,27847.0,19,0,572.0
C,40,42436.0,23,0,566.0
B,63,41982.0,29,0,588.0
A,32,45090.0,2,0,534.0
A,70,29611.0,32,0,528.0
B,28,39208.0,19,0,661.0
A,57,56793.0,34,0,532.0
B,60,39082.0,30,0,595.0
A,39,46002.0,3,0,663.0
A,22,55209.0,30,0,654.0
A,66,42442.0,11,0,616.0
A,53,30281.0,39,0,546.0
B,24,26319.0,14,0,479.0
A,63,45009.0,25,0,693.0
C,30,38588.0,31,0,587.0
A,50,39066.0,29,0,535.0
C,49,55058.0,10,0,588.0
B,37,52374.0,32,0,592.0
A,48,55727.0,4,0,617.0
A,35,51489.0,18,0,618.0
C,59,45429.0,19,0,581.0
A,44,21889.0,33,0,648.0
B,38,31602.0,33,0,583.0
A,35,41401.0,7,0,725.0
A,74,33299.0,17,0,678.0
B,28,39988.0,16,0,560.0
B,45,46527.0,13,0,539.0
C,38,32826.0,28,0,552.0
A,50,41021.0,23,0,644.0
A,44,47676.0,5,0,593.0
A,23,40672.0,7,0,618.0
A,39,29594.0,31,0,703.0
A,62,61917.0,29,0,569.0
A,64,25847.0,23,0,630.0
A,58,38369.0,6,1,635.0
A,44,33669.0,1,0,462.0
A,26,33062.0,11,0,622.0
A,25,29187.0,23,0,704.0
C,62,33430.0,27,0,658.0
C,18,39309.0,20,0,595.0
C,36,38655.0,19,0,837.0
C,72,14904.0,27,0,618.0
A,25,19201.0,20,0,684.0
B,19,51600.0,33,0,620.0
A,63,45000.0,29,1,536.0
C,24,61840.0,32,0,694.0
C,30,49773.0,5,0,615.0
A,39,57794.0,21,1,467.0
B,20,45354.0,16,0,662.0
B,71,31717.0,35,0,752.0
B,45,33038.0,27,1,547.0
B,38,9922.0,0,0,575.0
B,73,32353.0,35,0,771.0
A,48,62135.0,1,0,719.0
A,24,34336.0,1,1,558.0
A,52,30580.0,8,0,694.0
B,44,37578.0,25,1,539.0
B,28,19155.0,24,0,535.0
B,74,24108.0,9,0,584.0
B,56,29054.0,8,0,534.0
C,20,54934.0,2,0,623.0
A,69,34879.0,12,0,408.0
A,52,20494.0,9,1,643.0
A,74,45436.0,26,0,551.0
A,58,33958.0,7,1,632.0
C,42,32838.0,18,0,726.0
B,22,22710.0,27,1,677.0
B,29,38930.0,21,1,573.0
C,64,22416.0,9,0,546.0
B,21,34472.0,38,0,742.0
B,21,27863.0,17,0,616.0
A,49,32634.0,28,0,485.0
B,46,36870.0,3,0,567.0
A,60,55147.0,17,0,658.0
A,29,21776.0,13,1,648.0
A,27,61403.0,19,0,706.0
A,60,35021.0,32,0,570.0
A,28,38180.0,1,0,689.0
B,38,31922.0,24,0,753.0
C,56,46180.0,27,0,605.0
B,43,31946.0,1,0,697.0
C,34,60737.0,21,0,733.0
A,73,44196.0,38,0,689.0
C,57,50065.0,34,0,598.0
B,61,27386.0,18,1,686.0
A,42,20204.0,28,0,553.0
C,71,32318.0,36,0,642.0
B,64,38903.0,2,0,614.0
C,38,18549.0,28,0,752.0
B,57,42414.0,2,0,615.0
B,34,53645.0,11,0,582.0
A,37,32942.0,13,0,598.0
B,71,37924.0,29,0,646.0
A,63,57761.0,22,0,599.0
C,25,47898.0,2,0,481.0
A,64,26275.0,16,0,659.0
B,48,45871.0,13,0,600.0
B,47,12960.0,30,0,670.0
B,66,61504.0,7,0,718.0
C,23,36629.0,38,0,586.0
C,61,19824.0,23,0,563.0
C,40,25678.0,24,1,597.0
B,62,50410.0,27,0,609.0
A,36,31503.0,10,0,545.0
B,53,52209.0,7,0,471.0
B,39,24750.0,35,0,668.0
A,73,36253.0,10,0,605.0
B,65,44397.0,1,1,527.0
A,34,42392.0,23,0,589.0
C,32,48342.0,26,1,610.0
B,44,39012.0,33,0,584.0
A,33,31298.0,22,0,615.0
C,21,44352.0,23,0,523.0
A,39,43797.0,35,0,744.0
A,33,35329.0,34,0,628.0
C,59,38865.0,3,0,532.0
A,23,34268.0,18,1,481.0
B,73,34254.0,37,1,649.0
A,53,38190.0,27,0,458.0
A,59,27696.0,25,0,548.0
A,37,38959.0,17,0,642.0
A,68,46407.0,6,0,612.0
C,49,25386.0,23,0,755.0
A,47,40836.0,20,0,428.0
C,34,65945.0,8,0,593.0
A,48,22272.0,7,1,681.0
A,32,37348.0,0,0,507.0
A,38,42439.0,3,1,555.0
B,49,59926.0,13,1,646.0
B,29,51527.0,10,0,566.0
C,67,61987.0,37,0,660.0
C,58,35967.0,15,0,625.0
A,60,37646.0,26,0,582.0
C,57,60814.0,19,0,524.0
A,24,31131.0,2,1,733.0
A,25,40214.0,13,0,596.0
B,48,48567.0,35,0,524.0
A,24,43286.0,23,0,612.0
A,45,48358.0,18,0,729.0
A,43,32129.0,25,1,495.0
A,50,29428.0,36,0,730.0
B,57,46286.0,37,0,641.0
A,29,38278.0,37,0,566.0
A,29,39998.0,9,1,601.0
A,47,43166.0,0,0,514.0
A,48,35088.0,4,0,735.0
A,53,52015.0,9,0,601.0
A,45,52990.0,25,0,480.0
B,59,44765.0,7,1,536.0
B,51,48067.0,18,0,586.0
C,72,31598.0,3,0,786.0
C,61,51810.0,14,0,656.0
A,49,33208.0,4,0,691.0
A,25,39170.0,0,0,552.0
B,26,27641.0,37,0,609.0
C,37,27159.0,28,0,558.0
B,60,44507.0,32,0,673.0
B,22,34750.0,33,0,647.0
A,45,10580.0,32,0,511.0
B,51,49738.0,1,1,452.0
A,70,39343.0,34,0,612.0
A,73,47981.0,15,0,538.0
C,66,45025.0,24,0,697.0
B,43,38933.0,4,0,655.0
A,38,27626.0,20,0,650.0
C,43,48835.0,19,0,514.0
A,37,40678.0,5,0,661.0
A,67,28762.0,7,0,668.0
A,69,52934.0,37,0,734.0
A,19,66664.0,5,0,570.0
C,42,25850.0,1,0,564.0
B,28,31584.0,15,1,701.0
B,72,47750.0,10,1,735.0
A,57,49838.0,3,0,658.0
A,43,23311.0,11,0,652.0
C,30,46966.0,28,0,671.0
B,61,27405.0,8,0,514.0
A,49,28126.0,35,0,643.0
A,63,46876.0,12,0,598.0
B,18,15876.0,3,0,687.0
B,24,37749.0,4,1,567.0
A,25,47158.0,16,0,644.0
A,24,23866.0,38,0,751.0
B,34,44310.0,23,1,561.0
A,39,48128.0,19,0,450.0
A,54,38667.0,30,0,780.0
A,57,15938.0,24,1,517.0
B,23,37354.0,21,0,594.0
A,63,39979.0,8,0,591.0
B,28,50538.0,21,0,621.0
B,49,44747.0,10,0,509.0
B,64,41425.0,29,0,561.0
A,52,31170.0,8,0,518.0
C,46,47709.0,39,0,611.0
B,39,57015.0,29,0,627.0
B,69,19495.0,10,1,487.0
C,58,41535.0,0,0,719.0
C,37,48588.0,3,0,580.0
C,60,58993.0,31,0,734.0
A,23,32614.0,36,0,650.0
A,52,31594.0,4,0,663.0
A,46,35307.0,5,0,614.0
C,35,45258.0,30,0,421.0
A,53,29874.0,7,0,504.0
A,42,50778.0,20,0,490.0
B,18,33762.0,10,0,630.0
A,63,43834.0,20,0,588.0
C,71,61803.0,33,0,712.0
C,31,42784.0,11,1,581.0
B,22,50951.0,16,0,529.0
B,47,29173.0,29,0,615.0
B,39,35740.0,14,0,635.0
A,54,52758.0,17,0,452.0
B,54,42612.0,20,0,640.0
A,68,30062.0,25,0,698.0
A,19,25009.0,18,0,635.0
A,29,42756.0,33,0,664.0
A,48,27938.0,24,0,592.0
A,26,40360.0,9,0,600.0
B,67,13248.0,8,0,679.0
B,56,35168.0,22,0,712.0
B,33,32674.0,37,0,641.0
A,52,33523.0,36,0,639.0
C,31,44790.0,12,0,605.0
C,74,43213.0,1,0,778.0
A,49,32682.0,28,0,604.0
C,31,38711.0,9,0,707.0
B,36,44196.0,12,1,600.0
C,26,27516.0,14,0,618.0
B,31,38450.0,4,0,631.0
A,37,63672.0,17,0,486.0
B,20,33146.0,17,0,687.0
B,60,37394.0,35,0,647.0
B,34,54380.0,3,0,596.0
C,71,48151.0,11,0,571.0
A,50,63346.0,28,0,711.0
A,22,15916.0,25,0,612.0
B,51,31945.0,19,1,633.0
A,28,48990.0,33,0,521.0
B,67,26093.0,12,0,568.0
A,26,52655.0,37,0,555.0
A,70,41674.0,15,0,487.0
A,20,67289.0,3,0,478.0
B,48,40725.0,21,0,581.0
A,52,44015.0,11,0,596.0
C,42,54070.0,35,0,573.0
